tahun,nama_provinsi,nama_kabupaten/kota,nama_kecamatan,nama_kelurahan,luas_wilayah_(km2),kepadatan_(jiwa/km2)
2019,PROVINSI DKI JAKARTA,KAB.ADM.KEP.SERIBU,KEP. SERIBU UTR,P. PANGGANG,0.621,11374
2019,PROVINSI DKI JAKARTA,KAB.ADM.KEP.SERIBU,KEP. SERIBU UTR,P. KELAPA,2.5847,2777
2019,PROVINSI DKI JAKARTA,KAB.ADM.KEP.SERIBU,KEP. SERIBU UTR,P. HARAPAN,2.4472,1080
2019,PROVINSI DKI JAKARTA,KAB.ADM.KEP.SERIBU,KEP. SERIBU SLT,P. UNTUNG JAWA,1.0285,2426
2019,PROVINSI DKI JAKARTA,KAB.ADM.KEP.SERIBU,KEP. SERIBU SLT,P. TIDUNG,1.069,5609
2019,PROVINSI DKI JAKARTA,KAB.ADM.KEP.SERIBU,KEP. SERIBU SLT,P. PARI,0.9457,3842
2019,PROVINSI DKI JAKARTA,JAKARTA PUSAT,GAMBIR,GAMBIR,2.5828,1213
2019,PROVINSI DKI JAKARTA,JAKARTA PUSAT,GAMBIR,CIDENG,1.2638,15150
2019,PROVINSI DKI JAKARTA,JAKARTA PUSAT,GAMBIR,PETOJO UTARA,1.1184,19610
2019,PROVINSI DKI JAKARTA,JAKARTA PUSAT,GAMBIR,PETOJO SELATAN,1.136,16217
2019,PROVINSI DKI JAKARTA,JAKARTA PUSAT,GAMBIR,KEBON KELAPA,0.781,16447
2019,PROVINSI DKI JAKARTA,JAKARTA PUSAT,GAMBIR,DURI PULO,0.7071,35962
2019,PROVINSI DKI JAKARTA,JAKARTA PUSAT,SAWAH BESAR,PASAR BARU,1.8895,8405
2019,PROVINSI DKI JAKARTA,JAKARTA PUSAT,SAWAH BESAR,KARANG ANYAR,0.511,65141
2019,PROVINSI DKI JAKARTA,JAKARTA PUSAT,SAWAH BESAR,KARTINI,0.568,49460
2019,PROVINSI DKI JAKARTA,JAKARTA PUSAT,SAWAH BESAR,GUNUNG SAHARI UTARA,1.8967,10903
2019,PROVINSI DKI JAKARTA,JAKARTA PUSAT,SAWAH BESAR,MANGGA DUA SELATAN,1.2909,27627
2019,PROVINSI DKI JAKARTA,JAKARTA PUSAT,KEMAYORAN,KEMAYORAN,0.5255,49728
2019,PROVINSI DKI JAKARTA,JAKARTA PUSAT,KEMAYORAN,KEBON KOSONG,1.1577,32690
2019,PROVINSI DKI JAKARTA,JAKARTA PUSAT,KEMAYORAN,HARAPAN MULIA,0.5345,54803
2019,PROVINSI DKI JAKARTA,JAKARTA PUSAT,KEMAYORAN,SERDANG,0.8223,46257
2019,PROVINSI DKI JAKARTA,JAKARTA PUSAT,KEMAYORAN,GUNUNG SAHARI SELATAN,1.531,15861
2019,PROVINSI DKI JAKARTA,JAKARTA PUSAT,KEMAYORAN,CEMPAKA BARU,0.9933,42499
2019,PROVINSI DKI JAKARTA,JAKARTA PUSAT,KEMAYORAN,SUMUR BATU,1.149,25279
2019,PROVINSI DKI JAKARTA,JAKARTA PUSAT,KEMAYORAN,UTAN PANJANG,0.54025,69559
2019,PROVINSI DKI JAKARTA,JAKARTA PUSAT,SENEN,SENEN,0.809,10707
2019,PROVINSI DKI JAKARTA,JAKARTA PUSAT,SENEN,KENARI,0.915,12763
2019,PROVINSI DKI JAKARTA,JAKARTA PUSAT,SENEN,PASEBAN,0.7141,41708
2019,PROVINSI DKI JAKARTA,JAKARTA PUSAT,SENEN,KRAMAT,0.7087,51252
2019,PROVINSI DKI JAKARTA,JAKARTA PUSAT,SENEN,KWITANG,0.447,43481
2019,PROVINSI DKI JAKARTA,JAKARTA PUSAT,SENEN,BUNGUR,0.6264,36863
2019,PROVINSI DKI JAKARTA,JAKARTA PUSAT,CEMPAKA PUTIH,CEMPAKA PUTIH TIMUR,2.226,13316
2019,PROVINSI DKI JAKARTA,JAKARTA PUSAT,CEMPAKA PUTIH,CEMPAKA PUTIH BARAT,1.2187,36746
2019,PROVINSI DKI JAKARTA,JAKARTA PUSAT,CEMPAKA PUTIH,RAWASARI,1.2475,21824
2019,PROVINSI DKI JAKARTA,JAKARTA PUSAT,MENTENG,MENTENG,2.4392,13004
2019,PROVINSI DKI JAKARTA,JAKARTA PUSAT,MENTENG,PEGANGSAAN,0.9825,29721
2019,PROVINSI DKI JAKARTA,JAKARTA PUSAT,MENTENG,CIKINI,0.8209,12678
2019,PROVINSI DKI JAKARTA,JAKARTA PUSAT,MENTENG,GONDANGDIA,1.4582,3389
2019,PROVINSI DKI JAKARTA,JAKARTA PUSAT,MENTENG,KEBON SIRIH,0.834,18791
2019,PROVINSI DKI JAKARTA,JAKARTA PUSAT,TANAH ABANG,GELORA,2.5913,1530
2019,PROVINSI DKI JAKARTA,JAKARTA PUSAT,TANAH ABANG,BENDUNGAN HILIR,1.5816,17057
2019,PROVINSI DKI JAKARTA,JAKARTA PUSAT,TANAH ABANG,KARET TENGSIN,1.5343,15874
2019,PROVINSI DKI JAKARTA,JAKARTA PUSAT,TANAH ABANG,PETAMBURAN,0.901,48118
2019,PROVINSI DKI JAKARTA,JAKARTA PUSAT,TANAH ABANG,KEBON MELATI,1.2563,32772
2019,PROVINSI DKI JAKARTA,JAKARTA PUSAT,TANAH ABANG,KEBON KACANG,0.71,38466
2019,PROVINSI DKI JAKARTA,JAKARTA PUSAT,TANAH ABANG,KAMPUNG BALI,0.734,20074
2019,PROVINSI DKI JAKARTA,JAKARTA PUSAT,JOHAR BARU,JOHAR BARU,1.191,39227
2019,PROVINSI DKI JAKARTA,JAKARTA PUSAT,JOHAR BARU,KAMPUNG RAWA,0.3011,91441
2019,PROVINSI DKI JAKARTA,JAKARTA PUSAT,JOHAR BARU,GALUR,0.262,89160
2019,PROVINSI DKI JAKARTA,JAKARTA PUSAT,JOHAR BARU,TANAH TINGGI,0.6229,77367
2019,PROVINSI DKI JAKARTA,JAKARTA UTARA,PENJARINGAN,PENJARINGAN,3.9543,27688
2019,PROVINSI DKI JAKARTA,JAKARTA UTARA,PENJARINGAN,KAMAL MUARA,10.534,1466
2019,PROVINSI DKI JAKARTA,JAKARTA UTARA,PENJARINGAN,KAPUK MUARA,10.055,4327
2019,PROVINSI DKI JAKARTA,JAKARTA UTARA,PENJARINGAN,PEJAGALAN,3.2318,28004
2019,PROVINSI DKI JAKARTA,JAKARTA UTARA,PENJARINGAN,PLUIT,7.7119,7336
2019,PROVINSI DKI JAKARTA,JAKARTA UTARA,TANJUNG PRIOK,TANJUNG PRIOK,5.54,7914
2019,PROVINSI DKI JAKARTA,JAKARTA UTARA,TANJUNG PRIOK,SUNTER JAYA,4.5817,17030
2019,PROVINSI DKI JAKARTA,JAKARTA UTARA,TANJUNG PRIOK,PAPANGGO,2.80175,17550
2019,PROVINSI DKI JAKARTA,JAKARTA UTARA,TANJUNG PRIOK,SUNGAI BAMBU,2.364,15995
2019,PROVINSI DKI JAKARTA,JAKARTA UTARA,TANJUNG PRIOK,KEBON BAWANG,1.727,37498
2019,PROVINSI DKI JAKARTA,JAKARTA UTARA,TANJUNG PRIOK,SUNTER AGUNG,7.0226,12487
2019,PROVINSI DKI JAKARTA,JAKARTA UTARA,TANJUNG PRIOK,WARAKAS,1.0884,52102
2019,PROVINSI DKI JAKARTA,JAKARTA UTARA,KOJA,KOJA,3.278,10954
2019,PROVINSI DKI JAKARTA,JAKARTA UTARA,KOJA,TUGU UTARA,3.32,25997
2019,PROVINSI DKI JAKARTA,JAKARTA UTARA,KOJA,LAGOA,1.5753,47660
2019,PROVINSI DKI JAKARTA,JAKARTA UTARA,KOJA,RAWA BADAK UTARA,1.3338,32731
2019,PROVINSI DKI JAKARTA,JAKARTA UTARA,KOJA,TUGU SELATAN,2.68,18474
2019,PROVINSI DKI JAKARTA,JAKARTA UTARA,KOJA,RAWA BADAK SELATAN,1.0162,52868
2019,PROVINSI DKI JAKARTA,JAKARTA UTARA,CILINCING,CILINCING,6.3125,8740
2019,PROVINSI DKI JAKARTA,JAKARTA UTARA,CILINCING,SUKAPURA,5.614,12430
2019,PROVINSI DKI JAKARTA,JAKARTA UTARA,CILINCING,MARUNDA,7.9169,4528
2019,PROVINSI DKI JAKARTA,JAKARTA UTARA,CILINCING,KALI BARU,2.467,35006
2019,PROVINSI DKI JAKARTA,JAKARTA UTARA,CILINCING,SEMPER TIMUR,3.1615,14321
2019,PROVINSI DKI JAKARTA,JAKARTA UTARA,CILINCING,ROROTAN,10.637,4794
2019,PROVINSI DKI JAKARTA,JAKARTA UTARA,CILINCING,SEMPER BARAT,1.5907,54484
2019,PROVINSI DKI JAKARTA,JAKARTA UTARA,PADEMANGAN,PADEMANGAN TIMUR,2.6124,17462
2019,PROVINSI DKI JAKARTA,JAKARTA UTARA,PADEMANGAN,PADEMANGAN BARAT,3.5335,26463
2019,PROVINSI DKI JAKARTA,JAKARTA UTARA,PADEMANGAN,ANCOL,3.7728,7946
2019,PROVINSI DKI JAKARTA,JAKARTA UTARA,KELAPA GADING,KELAPA GADING TIMUR,5.3058,7567
2019,PROVINSI DKI JAKARTA,JAKARTA UTARA,KELAPA GADING,PEGANGSAAN DUA,6.2842,9557
2019,PROVINSI DKI JAKARTA,JAKARTA UTARA,KELAPA GADING,KELAPA GADING BARAT,4.5312,9454
2019,PROVINSI DKI JAKARTA,JAKARTA BARAT,CENGKARENG,CENGKARENG BARAT,3.6059,22487
2019,PROVINSI DKI JAKARTA,JAKARTA BARAT,CENGKARENG,DURI KOSAMBI,5.91,16214
2019,PROVINSI DKI JAKARTA,JAKARTA BARAT,CENGKARENG,RAWA BUAYA,4.069,19299
2019,PROVINSI DKI JAKARTA,JAKARTA BARAT,CENGKARENG,KEDAUNG KALI ANGKE,2.8135,14504
2019,PROVINSI DKI JAKARTA,JAKARTA BARAT,CENGKARENG,KAPUK,5.6268,29841
2019,PROVINSI DKI JAKARTA,JAKARTA BARAT,CENGKARENG,CENGKARENG TIMUR,4.515,22318
2019,PROVINSI DKI JAKARTA,JAKARTA BARAT,GROGOL PETAMBURAN,GROGOL,1.2248,17025
2019,PROVINSI DKI JAKARTA,JAKARTA BARAT,GROGOL PETAMBURAN,TANJUNG DUREN UTARA,1.3356,15586
2019,PROVINSI DKI JAKARTA,JAKARTA BARAT,GROGOL PETAMBURAN,TOMANG,1.8765,19352
2019,PROVINSI DKI JAKARTA,JAKARTA BARAT,GROGOL PETAMBURAN,JELAMBAR,1.4447,25532
2019,PROVINSI DKI JAKARTA,JAKARTA BARAT,GROGOL PETAMBURAN,TANJUNG DUREN SELATAN,1.769,17418
2019,PROVINSI DKI JAKARTA,JAKARTA BARAT,GROGOL PETAMBURAN,JELAMBAR BARU,1.438,32694
2019,PROVINSI DKI JAKARTA,JAKARTA BARAT,GROGOL PETAMBURAN,WIJAYA KUSUMA,2.2,22010
2019,PROVINSI DKI JAKARTA,JAKARTA BARAT,TAMAN SARI,TAMAN SARI,0.6772,25641
2019,PROVINSI DKI JAKARTA,JAKARTA BARAT,TAMAN SARI,KRUKUT,0.5507,43312
2019,PROVINSI DKI JAKARTA,JAKARTA BARAT,TAMAN SARI,MAPHAR,0.5899,33889
2019,PROVINSI DKI JAKARTA,JAKARTA BARAT,TAMAN SARI,TANGKI,3.747,4246
2019,PROVINSI DKI JAKARTA,JAKARTA BARAT,TAMAN SARI,MANGGA BESAR,0.511,18000
2019,PROVINSI DKI JAKARTA,JAKARTA BARAT,TAMAN SARI,KEAGUNGAN,0.3176,67717
2019,PROVINSI DKI JAKARTA,JAKARTA BARAT,TAMAN SARI,GLODOK,0.376,24194
2019,PROVINSI DKI JAKARTA,JAKARTA BARAT,TAMAN SARI,PINANGSIA,0.9619,13713
2019,PROVINSI DKI JAKARTA,JAKARTA BARAT,TAMBORA,TAMBORA,0.2833,45175
2019,PROVINSI DKI JAKARTA,JAKARTA BARAT,TAMBORA,KALI ANYAR,0.318,95676
2019,PROVINSI DKI JAKARTA,JAKARTA BARAT,TAMBORA,DURI UTARA,0.405,60558
2019,PROVINSI DKI JAKARTA,JAKARTA BARAT,TAMBORA,TANAH SEREAL,0.6157,52565
2019,PROVINSI DKI JAKARTA,JAKARTA BARAT,TAMBORA,KERENDANG,0.3303,76343
2019,PROVINSI DKI JAKARTA,JAKARTA BARAT,TAMBORA,JEMBATAN BESI,0.5531,67874
2019,PROVINSI DKI JAKARTA,JAKARTA BARAT,TAMBORA,ANGKE,0.7779,46735
2019,PROVINSI DKI JAKARTA,JAKARTA BARAT,TAMBORA,JEMBATAN LIMA,0.4631,56174
2019,PROVINSI DKI JAKARTA,JAKARTA BARAT,TAMBORA,PEKOJAN,0.778,36486
2019,PROVINSI DKI JAKARTA,JAKARTA BARAT,TAMBORA,ROA MALAKA,0.531,7610
2019,PROVINSI DKI JAKARTA,JAKARTA BARAT,TAMBORA,DURI SELATAN,0.343,50930
2019,PROVINSI DKI JAKARTA,JAKARTA BARAT,KEBON JERUK,KEBON JERUK,3.6915,17940
2019,PROVINSI DKI JAKARTA,JAKARTA BARAT,KEBON JERUK,SUKABUMI UTARA,1.5709,30423
2019,PROVINSI DKI JAKARTA,JAKARTA BARAT,KEBON JERUK,SUKABUMI SELATAN,1.5688,29670
2019,PROVINSI DKI JAKARTA,JAKARTA BARAT,KEBON JERUK,KELAPA DUA,1.5035,19264
2019,PROVINSI DKI JAKARTA,JAKARTA BARAT,KEBON JERUK,DURI KEPA,3.87,18901
2019,PROVINSI DKI JAKARTA,JAKARTA BARAT,KEBON JERUK,KEDOYA UTARA,3.1478,17676
2019,PROVINSI DKI JAKARTA,JAKARTA BARAT,KEBON JERUK,KEDOYA SELATAN,2.2842,17322
2019,PROVINSI DKI JAKARTA,JAKARTA BARAT,KALI DERES,KALIDERES,5.7105,15640
2019,PROVINSI DKI JAKARTA,JAKARTA BARAT,KALI DERES,SEMANAN,5.98,14862
2019,PROVINSI DKI JAKARTA,JAKARTA BARAT,KALI DERES,TEGAL ALUR,4.9669,20868
2019,PROVINSI DKI JAKARTA,JAKARTA BARAT,KALI DERES,KAMAL,4.9027,13481
2019,PROVINSI DKI JAKARTA,JAKARTA BARAT,KALI DERES,PEGADUNGAN,8.668,10487
2019,PROVINSI DKI JAKARTA,JAKARTA BARAT,PALMERAH,PALMERAH,2.3315,33321
2019,PROVINSI DKI JAKARTA,JAKARTA BARAT,PALMERAH,SLIPI,0.9742,21119
2019,PROVINSI DKI JAKARTA,JAKARTA BARAT,PALMERAH,KOTA BAMBU UTARA,0.6358,49624
2019,PROVINSI DKI JAKARTA,JAKARTA BARAT,PALMERAH,JATI PULO,0.876,40922
2019,PROVINSI DKI JAKARTA,JAKARTA BARAT,PALMERAH,KEMANGGISAN,2.1125,18696
2019,PROVINSI DKI JAKARTA,JAKARTA BARAT,PALMERAH,KOTA BAMBU SELATAN,0.5759,46543
2019,PROVINSI DKI JAKARTA,JAKARTA BARAT,KEMBANGAN,KEMBANGAN UTARA,3.64675,18371
2019,PROVINSI DKI JAKARTA,JAKARTA BARAT,KEMBANGAN,MERUYA UTARA,4.3288,12325
2019,PROVINSI DKI JAKARTA,JAKARTA BARAT,KEMBANGAN,MERUYA SELATAN,2.8,14088
2019,PROVINSI DKI JAKARTA,JAKARTA BARAT,KEMBANGAN,SRENGSENG,4.916,11280
2019,PROVINSI DKI JAKARTA,JAKARTA BARAT,KEMBANGAN,JOGLO,4.859,10281
2019,PROVINSI DKI JAKARTA,JAKARTA BARAT,KEMBANGAN,KEMBANGAN SELATAN,3.60675,9079
2019,PROVINSI DKI JAKARTA,JAKARTA SELATAN,TEBET,TEBET TIMUR,1.389,15729
2019,PROVINSI DKI JAKARTA,JAKARTA SELATAN,TEBET,TEBET BARAT,1.716,15001
2019,PROVINSI DKI JAKARTA,JAKARTA SELATAN,TEBET,MENTENG DALAM,2.1,21472
2019,PROVINSI DKI JAKARTA,JAKARTA SELATAN,TEBET,KEBON BARU,1.2929,33798
2019,PROVINSI DKI JAKARTA,JAKARTA SELATAN,TEBET,BUKIT DURI,1.0701,39619
2019,PROVINSI DKI JAKARTA,JAKARTA SELATAN,TEBET,MANGGARAI SELATAN,0.5141,55435
2019,PROVINSI DKI JAKARTA,JAKARTA SELATAN,TEBET,MANGGARAI,0.953,37322
2019,PROVINSI DKI JAKARTA,JAKARTA SELATAN,SETIA BUDI,SETIA BUDI,0.7394,5003
2019,PROVINSI DKI JAKARTA,JAKARTA SELATAN,SETIA BUDI,KARET SEMANGGI,0.8979,3685
2019,PROVINSI DKI JAKARTA,JAKARTA SELATAN,SETIA BUDI,KARET KUNINGAN,1.789,10992
2019,PROVINSI DKI JAKARTA,JAKARTA SELATAN,SETIA BUDI,KARET,0.9363,12652
2019,PROVINSI DKI JAKARTA,JAKARTA SELATAN,SETIA BUDI,MENTENG ATAS,0.904,37929
2019,PROVINSI DKI JAKARTA,JAKARTA SELATAN,SETIA BUDI,PASAR MANGGIS,0.78,42412
2019,PROVINSI DKI JAKARTA,JAKARTA SELATAN,SETIA BUDI,GUNTUR,0.6594,6991
2019,PROVINSI DKI JAKARTA,JAKARTA SELATAN,SETIA BUDI,KUNINGAN TIMUR,2.147,3422
2019,PROVINSI DKI JAKARTA,JAKARTA SELATAN,MAMPANG PRAPATAN,MAMPANG PRAPATAN,0.777,29390
2019,PROVINSI DKI JAKARTA,JAKARTA SELATAN,MAMPANG PRAPATAN,BANGKA,3.2967,8036
2019,PROVINSI DKI JAKARTA,JAKARTA SELATAN,MAMPANG PRAPATAN,PELA MAMPANG,1.6232,33051
2019,PROVINSI DKI JAKARTA,JAKARTA SELATAN,MAMPANG PRAPATAN,TEGAL PARANG,1.056,37950
2019,PROVINSI DKI JAKARTA,JAKARTA SELATAN,MAMPANG PRAPATAN,KUNINGAN BARAT,0.978,16248
2019,PROVINSI DKI JAKARTA,JAKARTA SELATAN,PASAR MINGGU,PASAR MINGGU,2.786,10885
2019,PROVINSI DKI JAKARTA,JAKARTA SELATAN,PASAR MINGGU,JATI PADANG,2.4977,18462
2019,PROVINSI DKI JAKARTA,JAKARTA SELATAN,PASAR MINGGU,CILANDAK TIMUR,3.5266,8994
2019,PROVINSI DKI JAKARTA,JAKARTA SELATAN,PASAR MINGGU,RAGUNAN,5.0474,9600
2019,PROVINSI DKI JAKARTA,JAKARTA SELATAN,PASAR MINGGU,PEJATEN TIMUR,2.6783,26729
2019,PROVINSI DKI JAKARTA,JAKARTA SELATAN,PASAR MINGGU,PEJATEN BARAT,2.8979,15742
2019,PROVINSI DKI JAKARTA,JAKARTA SELATAN,PASAR MINGGU,KEBAGUSAN,2.26,24229
2019,PROVINSI DKI JAKARTA,JAKARTA SELATAN,KEBAYORAN LAMA,KEBAYORAN LAMA UTARA,1.7822,29649
2019,PROVINSI DKI JAKARTA,JAKARTA SELATAN,KEBAYORAN LAMA,PONDOK PINANG,6.84,9999
2019,PROVINSI DKI JAKARTA,JAKARTA SELATAN,KEBAYORAN LAMA,CIPULIR,1.933,25389
2019,PROVINSI DKI JAKARTA,JAKARTA SELATAN,KEBAYORAN LAMA,GROGOL UTARA,3.325,15930
2019,PROVINSI DKI JAKARTA,JAKARTA SELATAN,KEBAYORAN LAMA,GROGOL SELATAN,2.865,18915
2019,PROVINSI DKI JAKARTA,JAKARTA SELATAN,KEBAYORAN LAMA,KEBAYORAN LAMA SELATAN,2.5722,19598
2019,PROVINSI DKI JAKARTA,JAKARTA SELATAN,CILANDAK,CILANDAK BARAT,6.046,10361
2019,PROVINSI DKI JAKARTA,JAKARTA SELATAN,CILANDAK,LEBAK BULUS,4.114,10917
2019,PROVINSI DKI JAKARTA,JAKARTA SELATAN,CILANDAK,PONDOK LABU,3.911,14340
2019,PROVINSI DKI JAKARTA,JAKARTA SELATAN,CILANDAK,GANDARIA SELATAN,1.77,15250
2019,PROVINSI DKI JAKARTA,JAKARTA SELATAN,CILANDAK,CIPETE SELATAN,2.3223,14030
2019,PROVINSI DKI JAKARTA,JAKARTA SELATAN,KEBAYORAN BARU,MELAWAI,1.2505,2593
2019,PROVINSI DKI JAKARTA,JAKARTA SELATAN,KEBAYORAN BARU,GUNUNG,1.323,8569
2019,PROVINSI DKI JAKARTA,JAKARTA SELATAN,KEBAYORAN BARU,KRAMAT PELA,1.2505,14171
2019,PROVINSI DKI JAKARTA,JAKARTA SELATAN,KEBAYORAN BARU,SELONG,1.4,2445
2019,PROVINSI DKI JAKARTA,JAKARTA SELATAN,KEBAYORAN BARU,RAWA BARAT,0.6924,9715
2019,PROVINSI DKI JAKARTA,JAKARTA SELATAN,KEBAYORAN BARU,SENAYAN,1.531,2274
2019,PROVINSI DKI JAKARTA,JAKARTA SELATAN,KEBAYORAN BARU,PULO,1.268,5432
2019,PROVINSI DKI JAKARTA,JAKARTA SELATAN,KEBAYORAN BARU,PETOGOGAN,0.8646,16247
2019,PROVINSI DKI JAKARTA,JAKARTA SELATAN,KEBAYORAN BARU,GANDARIA UTARA,1.5207,31841
2019,PROVINSI DKI JAKARTA,JAKARTA SELATAN,KEBAYORAN BARU,CIPETE UTARA,1.825,22987
2019,PROVINSI DKI JAKARTA,JAKARTA SELATAN,PANCORAN,PANCORAN,1.218,19700
2019,PROVINSI DKI JAKARTA,JAKARTA SELATAN,PANCORAN,KALIBATA,2.286,22707
2019,PROVINSI DKI JAKARTA,JAKARTA SELATAN,PANCORAN,RAWA JATI,1.44,17430
2019,PROVINSI DKI JAKARTA,JAKARTA SELATAN,PANCORAN,DUREN TIGA,1.924,17834
2019,PROVINSI DKI JAKARTA,JAKARTA SELATAN,PANCORAN,PENGADEGAN,0.943,27487
2019,PROVINSI DKI JAKARTA,JAKARTA SELATAN,PANCORAN,CIKOKO,0.7169,18291
2019,PROVINSI DKI JAKARTA,JAKARTA SELATAN,JAGAKARSA,JAGAKARSA,4.85,15610
2019,PROVINSI DKI JAKARTA,JAKARTA SELATAN,JAGAKARSA,SRENGSENG SAWAH,6.747,10537
2019,PROVINSI DKI JAKARTA,JAKARTA SELATAN,JAGAKARSA,CIGANJUR,3.376,13842
2019,PROVINSI DKI JAKARTA,JAKARTA SELATAN,JAGAKARSA,LENTENG AGUNG,2.2774,29009
2019,PROVINSI DKI JAKARTA,JAKARTA SELATAN,JAGAKARSA,TANJUNG BARAT,3.6464,13323
2019,PROVINSI DKI JAKARTA,JAKARTA SELATAN,JAGAKARSA,CIPEDAK,3.9705,11664
2019,PROVINSI DKI JAKARTA,JAKARTA SELATAN,PESANGGRAHAN,PESANGGRAHAN,2.1025,16041
2019,PROVINSI DKI JAKARTA,JAKARTA SELATAN,PESANGGRAHAN,BINTARO,4.555,14118
2019,PROVINSI DKI JAKARTA,JAKARTA SELATAN,PESANGGRAHAN,PETUKANGAN UTARA,2.9924,22046
2019,PROVINSI DKI JAKARTA,JAKARTA SELATAN,PESANGGRAHAN,PETUKANGAN SELATAN,2.1009,21590
2019,PROVINSI DKI JAKARTA,JAKARTA SELATAN,PESANGGRAHAN,ULUJAMI,1.705,29499
2019,PROVINSI DKI JAKARTA,JAKARTA TIMUR,MATRAMAN,PISANGAN BARU,0.6754,57884
2019,PROVINSI DKI JAKARTA,JAKARTA TIMUR,MATRAMAN,UTAN KAYU UTARA,1.074,32374
2019,PROVINSI DKI JAKARTA,JAKARTA TIMUR,MATRAMAN,KAYU MANIS,0.576,54189
2019,PROVINSI DKI JAKARTA,JAKARTA TIMUR,MATRAMAN,PAL MERIAM,0.6539,37443
2019,PROVINSI DKI JAKARTA,JAKARTA TIMUR,MATRAMAN,KEBON MANGGIS,0.7821,25876
2019,PROVINSI DKI JAKARTA,JAKARTA TIMUR,MATRAMAN,UTAN KAYU SELATAN,1.1222,36493
2019,PROVINSI DKI JAKARTA,JAKARTA TIMUR,PULO GADUNG,PULO GADUNG,1.923,22085
2019,PROVINSI DKI JAKARTA,JAKARTA TIMUR,PULO GADUNG,PISANGAN TIMUR,1.7921,28164
2019,PROVINSI DKI JAKARTA,JAKARTA TIMUR,PULO GADUNG,CIPINANG,1.53,31835
2019,PROVINSI DKI JAKARTA,JAKARTA TIMUR,PULO GADUNG,JATINEGARA KAUM,1.2345,25034
2019,PROVINSI DKI JAKARTA,JAKARTA TIMUR,PULO GADUNG,RAWAMANGUN,2.601,17660
2019,PROVINSI DKI JAKARTA,JAKARTA TIMUR,PULO GADUNG,KAYU PUTIH,4.3715,11329
2019,PROVINSI DKI JAKARTA,JAKARTA TIMUR,PULO GADUNG,JATI,2.155,18486
2019,PROVINSI DKI JAKARTA,JAKARTA TIMUR,JATINEGARA,KAMPUNG MELAYU,0.4783,66594
2019,PROVINSI DKI JAKARTA,JAKARTA TIMUR,JATINEGARA,BIDARA CINA,1.261,35736
2019,PROVINSI DKI JAKARTA,JAKARTA TIMUR,JATINEGARA,BALI MESTER,0.6737,17356
2019,PROVINSI DKI JAKARTA,JAKARTA TIMUR,JATINEGARA,RAWA BUNGA,0.8765,30383
2019,PROVINSI DKI JAKARTA,JAKARTA TIMUR,JATINEGARA,CIPINANG CEMPEDAK,1.29,30992
2019,PROVINSI DKI JAKARTA,JAKARTA TIMUR,JATINEGARA,CIPINANG MUARA,2.895,23575
2019,PROVINSI DKI JAKARTA,JAKARTA TIMUR,JATINEGARA,CIPINANG BESAR SELATAN,1.6259,26848
2019,PROVINSI DKI JAKARTA,JAKARTA TIMUR,JATINEGARA,CIPINANG BESAR UTARA,1.152,51259
2019,PROVINSI DKI JAKARTA,JAKARTA TIMUR,KRAMAT JATI,KRAMAT JATI,1.5158,27897
2019,PROVINSI DKI JAKARTA,JAKARTA TIMUR,KRAMAT JATI,KAMPUNG TENGAH,2.0252,27040
2019,PROVINSI DKI JAKARTA,JAKARTA TIMUR,KRAMAT JATI,DUKUH,1.9809,15476
2019,PROVINSI DKI JAKARTA,JAKARTA TIMUR,KRAMAT JATI,BATU AMPAR,2.55025,23222
2019,PROVINSI DKI JAKARTA,JAKARTA TIMUR,KRAMAT JATI,BALE KAMBANG,1.6745,21360
2019,PROVINSI DKI JAKARTA,JAKARTA TIMUR,KRAMAT JATI,CILILITAN,1.76353,28276
2019,PROVINSI DKI JAKARTA,JAKARTA TIMUR,KRAMAT JATI,CAWANG,1.7904,22759
2019,PROVINSI DKI JAKARTA,JAKARTA TIMUR,PASAR REBO,GEDONG,2.634,16817
2019,PROVINSI DKI JAKARTA,JAKARTA TIMUR,PASAR REBO,BARU,1.8885,15667
2019,PROVINSI DKI JAKARTA,JAKARTA TIMUR,PASAR REBO,CIJANTUNG,2.3837,21332
2019,PROVINSI DKI JAKARTA,JAKARTA TIMUR,PASAR REBO,KALISARI,2.8945,18194
2019,PROVINSI DKI JAKARTA,JAKARTA TIMUR,PASAR REBO,PEKAYON,3.1773,16878
2019,PROVINSI DKI JAKARTA,JAKARTA TIMUR,CAKUNG,JATINEGARA,6.5975,15976
2019,PROVINSI DKI JAKARTA,JAKARTA TIMUR,CAKUNG,RAWA TERATE,3.3,9590
2019,PROVINSI DKI JAKARTA,JAKARTA TIMUR,CAKUNG,PENGGILINGAN,4.4845,26938
2019,PROVINSI DKI JAKARTA,JAKARTA TIMUR,CAKUNG,CAKUNG TIMUR,9.81038,7494
2019,PROVINSI DKI JAKARTA,JAKARTA TIMUR,CAKUNG,PULO GEBANG,6.92,17026
2019,PROVINSI DKI JAKARTA,JAKARTA TIMUR,CAKUNG,UJUNG MENTENG,5.03511,7313
2019,PROVINSI DKI JAKARTA,JAKARTA TIMUR,CAKUNG,CAKUNG BARAT,6.1243,11894
2019,PROVINSI DKI JAKARTA,JAKARTA TIMUR,DUREN SAWIT,DUREN SAWIT,4.5555,16405
2019,PROVINSI DKI JAKARTA,JAKARTA TIMUR,DUREN SAWIT,PONDOK BAMBU,4.897,15416
2019,PROVINSI DKI JAKARTA,JAKARTA TIMUR,DUREN SAWIT,KLENDER,3.049,28590
2019,PROVINSI DKI JAKARTA,JAKARTA TIMUR,DUREN SAWIT,PONDOK KELAPA,5.7215,15241
2019,PROVINSI DKI JAKARTA,JAKARTA TIMUR,DUREN SAWIT,MALAKA SARI,1.3823,24377
2019,PROVINSI DKI JAKARTA,JAKARTA TIMUR,DUREN SAWIT,MALAKA JAYA,0.9882,38543
2019,PROVINSI DKI JAKARTA,JAKARTA TIMUR,DUREN SAWIT,PONDOK KOPI,2.06,21161
2019,PROVINSI DKI JAKARTA,JAKARTA TIMUR,MAKASAR,MAKASAR,1.6102,26659
2019,PROVINSI DKI JAKARTA,JAKARTA TIMUR,MAKASAR,PINANG RANTI,2.3515,14270
2019,PROVINSI DKI JAKARTA,JAKARTA TIMUR,MAKASAR,KEBON PALA,2.295,25329
2019,PROVINSI DKI JAKARTA,JAKARTA TIMUR,MAKASAR,HALIM PERDANA KUSUMAH,13.0685,2697
2019,PROVINSI DKI JAKARTA,JAKARTA TIMUR,MAKASAR,CIPINANG MELAYU,2.5279,20684
2019,PROVINSI DKI JAKARTA,JAKARTA TIMUR,CIRACAS,CIRACAS,3.9303,20187
2019,PROVINSI DKI JAKARTA,JAKARTA TIMUR,CIRACAS,CIBUBUR,4.5029,17884
2019,PROVINSI DKI JAKARTA,JAKARTA TIMUR,CIRACAS,KELAPA DUA WETAN,3.3686,16854
2019,PROVINSI DKI JAKARTA,JAKARTA TIMUR,CIRACAS,SUSUKAN,2.1885,21349
2019,PROVINSI DKI JAKARTA,JAKARTA TIMUR,CIRACAS,RAMBUTAN,2.09,21820
2019,PROVINSI DKI JAKARTA,JAKARTA TIMUR,CIPAYUNG,CIPAYUNG,3.085,10446
2019,PROVINSI DKI JAKARTA,JAKARTA TIMUR,CIPAYUNG,CILANGKAP,6.0354,5541
2019,PROVINSI DKI JAKARTA,JAKARTA TIMUR,CIPAYUNG,PONDOK RANGGON,3.66015,8402
2019,PROVINSI DKI JAKARTA,JAKARTA TIMUR,CIPAYUNG,MUNJUL,1.903,15245
2019,PROVINSI DKI JAKARTA,JAKARTA TIMUR,CIPAYUNG,SETU,3.2512,7657
2019,PROVINSI DKI JAKARTA,JAKARTA TIMUR,CIPAYUNG,BAMBU APUS,3.1652,10056
2019,PROVINSI DKI JAKARTA,JAKARTA TIMUR,CIPAYUNG,LUBANG BUAYA,3.722,20918
2019,PROVINSI DKI JAKARTA,JAKARTA TIMUR,CIPAYUNG,CEGER,3.626,6398
